<?xml version="1.0"?>
<module>
	<type>extension</type>
	<name>GnewDiscador</name>
	<label>Gnew Discador</label>
	<parent>Tools</parent>
	<version>1.0</version>
	<license>
		<inline>
<![CDATA[/*+***********************************************************************************
 * The contents of this file are subject to the vtiger CRM Public License Version 1.1
 * ("License"); You may not use this file except in compliance with the License
 * The Original Code is:  vtiger CRM Open Source
 * The Initial Developer of the Original Code is vtiger.
 * Portions created by vtiger are Copyright (C) vtiger.
 * All Rights Reserved.
 *************************************************************************************/
 ]]>
 		</inline>
	</license>
	<dependencies>
		<vtiger_version>7.0.0</vtiger_version>
		<vtiger_max_version>7.*</vtiger_max_version>
	</dependencies>
</module>
